epoch,accuracy,learning_rate,loss,val_accuracy,val_loss
2,0.27173912525177,9.999999747378752e-06,1.7306731939315796,0.043478261679410934,2.6140880584716797
3,0.33695653080940247,9.999999747378752e-06,1.596887230873108,0.043478261679410934,2.589592218399048
4,0.3695652186870575,9.999999747378752e-06,1.657560110092163,0.08695652335882187,2.553659200668335
5,0.42391303181648254,4.999999873689376e-06,1.5178053379058838,0.08695652335882187,2.5040323734283447
6,0.46739131212234497,4.999999873689376e-06,1.3280401229858398,0.08695652335882187,2.4563889503479004
7,0.489130437374115,4.999999873689376e-06,1.322871208190918,0.08695652335882187,2.4068777561187744
